label,target
sales@ammouk.co.uk,1
bcs.spares@hotmail.com,1
-?admin@melissalouisechildrensboutique.co.uk,0
hazel@hookersbaits.com,1
thegreatcakewarehouse@yahoo.co.uk,1
orders@thegreatcakewarehouse.co.uk,1
hello@preppersshop.co.uk,1
sales@noveltytoyworld.co.uk,1
webshop@motorsport-developments.co.uk,1
info@ac-schnitzer.co.uk,1
marinesupplies@gapcd.co.uk,1
sales@jaybeemodels.co.uk,1
jamesbentleyarchive@hotmail.com,1
Pipedreams@workmail.com,1
@,0
sayhello@ibexcamping.co.uk,1
@ibexcamping,0
sales@ibexcamping.co.uk,1
abitofabuzz@gmail.com,1
info@kandyking.co.uk,1
sales@thebatteryshop.co.uk,1
sales@ceilingstore.co.uk,1
sales@multicreteproducts.co.uk,1
sales@thecleaningwarehouse.co.uk,1
Munch@MOJO,0
mojocoffeeblackpool@gmail.com,1
sales@proprintsolutions.co.uk,1
help@scalemodelscenery.co.uk,1
admin@bestwoolshop.co.uk,1
ADMIN@ENPOINTEDANCESUPPLIES.CO.UK,1
sales@gwr-fasteners.co.uk,1
rawfeedinglancs@gmail.com,1
enquiries@cascadekoi.com,1
info@nwflags.co.uk,1
sales@nwfweeklyinteriors.co.uk,1
seagullcoaches@gmail.com,1
@eventtravelhub,0
@seagulltravel,0
@SeagullTravNews,0
enquiries@themapcentre.com,1
blenheimcandles@yahoo.com,1
info@apollomusiconline.co.uk,1
sales@thefinesthoney.co.uk,1
sales@fyne-tackle.co.uk,1
SALES@THEBUSHCRAFTSTORE.CO.UK,0
sales@thebushcraftstore.co.uk,1
angie@thelampshadeco.com,1
-@,0
info@abitofbrass.co.uk,1
sales@marble-mosaics.com,1
vat?@,0
sales@tedshop.com,1
darkmatterexeter@gmail.com,1
sales@tangobooks.co.uka1hoodiesdirect@gmail.com,0
a1hoodiesdirect@gmail.com,1
info@afth.co.uk,1
info@arctictechnologies.co.uk,1
@ashaquatics,0
orders@askertoncastle.co.uk,1
support@ayshanazir.co.uk,1
sales@barnlogs.co.uk,1
info@beautifullybiracial.com,1
@shopbeautifullybiracial,0
@shopbbiracial,0
enquiries@bmostores.com,1
sales@cbdbathfactory.com,1
?info@cheddarpaws.co.uk,0
hello@codaliterature.co.uk,1
sales@commonraildiesels.com,1
sanderdouglas1@gmail.com,1
parts@corvette.co.uk?,0
parts@corvette.co.uk,1
talktous@cscentslondon.com,1
admin@mrwinebox.com,1
contact@easytubs.co.uk,1
info@elizat.co.uk,1
sales@everythingepos.co.uk,1
sales@thepapertrail.org.uk,1
info@getcyrus.uk,1
sales@manterra.co.uk,1
info@hollieslittleshop.co.uk,1
sales@isleofelykoi.co.uk,1
@20%,0
hello@recordcorner.co.uk,1
contact@lastfrontiergames.com,1
laurelsflorist@yahoo.co.uk,1
hamidkaiza@yahoo.com,1
hello@littlebritishgiftco.uk,1
sales@lms-mart.co.uk,1
lynn@lynnstvfashions.com,1
info@mandel-shotgun.co.uk,1
intimatetorment@gmail.com,1
sales@militarysticker.co.uk,1
shop@laservine.co.uk,1
info@mphomewares.co.uk,1
sales@murdens.co.uk,1
sales@navcobm.com,1
sales@plantini.co.uk,1
projectcakery@gmail.com,1
info@mouldlife.co.uk,1
sales@ps-composites.com,1
charlie@randomhappiness.co.uk,1
info@refurboutlet.co.uk,1
sales@rgplants.co.uk,1
sales@rotafix.co.uk,1
tieknotslaces@gmail.com,1
sales@somersetclassicmotorcycles.co.uk,1
squarewheelscycles@gmail.com,1
info@email.com,1
info@suzieconstructiontools.com,1
sales@tape2go.com,1
paul@thesilvervault.co.uk,1
info@thetruffleshop.co.uk,1
info@thinkbikegear.co.uk,1
mark@torchwoodfishingtackleandbait.co.uk,1
tradline@btconnect.com,1
tweediechairs@gmail.com,1
@vitalitycrafts,0
@yoyoandflo,0
hello@yoyoandflo.com,1
onlinesales@abbeygate.com,1
nfo@almimportslimited.co.uk,1
aramac@hotmail.co.uk,1
cosmeticscourse@gmail.com,1
angelicfragrances@hotmail.co.uk,1
customerservices@autogifts.co.uk,1
enquiries@bromleyvideo.com,1
sales@buyingbeds.co.uk,1
@media,0
@import,0
sales@cateringtaps.com,1
sales@chocolateandbears.com,1
sales@yourshop.com,1
info@compulearn.biz,1
info@contouryou.co.uk,1
sales@crwltd.co.uk,1
darling@jellypenguin.com,1
diamondglitters@live.co.uk,1
enquiries@dixiescorner.co.uk,1
ecobbler@hotmail.com,1
@elizanorthuk.,0
info@elizanorth.co.uk,1
anthony@englishcoincompany.com,1
sales@lakesidewater.co.uk,1
fancypantsleeds@gmail.com,1
info@figgshaws.co.uk,1
sales@firestove.co.uk,1
goodlooklenses@gmail.com,1
@thehobbyshopfav,0
info@hourtimeuk.com,1
nfo@hourtimeuk.com,1
marketing@hrgo.co.uk,1
admin@kidsdream.co.uk,1
claire@kinky-monkey.com,1
neillovell@hotmail.com,1
info@martinealexander.co.uk,1
support@mikehillservices.com,1
millie@millierose.co,1
sales@mmilo.co.uk,1
info@naturetherapy.com,1
nextone2@hotmail.co.uk,1
sales@nickotoys.co.uk,1
sales@notjustdogfood.co.uk,1
help@nurturedsoul.co.uk,1
ray@oldtools.idps.co.uk,1
info@onlygroup.co.uk,1
info@perfectprezzies.co.uk,1
artwork@perfectprezzies.co.uk,1
info@toolshop.ltd.uk,1
info@rematefinal.es,1
nick@scenicphotos.com,1
sales@devanetbelts.co.uk,1
shop@retro-engineering.co.uk,1
info@platinum-place.co.uk,1
ryan@smithcaraudio.com,1
sales@smithcaraudio.com,1
alan@smokn.co.uk,1
info@solihulllighting.co.uk,1
"sales@stormway.co,uk",1
info@susanbrownstudio.co.uk,1
swanseaaquatics1@gmail.com,1
info@thedandygent.co.uk,1
hello@thelittleclothescompany.co.uk,1
theponytackshop@gmail.com,1
keith@wechillit.com,1
info@w,0
sales@gandmretail.co.uk,1
sales@wildflowertrading.co.uk,1
sales@wiperbladeshop.co.uk,1
sales@wizardawards.co.uk,1
sales@woolnuts.co.uk,1
info@afinevintage.co.uk,1
support@allaboutchairs.co.uk,1
@allaboutchairsuk,0
amflytying@outlook.com,1
sales@anarchymodels.co.uk,1
sales@roxyandruby.co.uk,1
info@ukgrills.co.uk,1
paulcheeseman@talktalk.net,1
contact@babygearprams.co.uk,1
ales@bearings24-7.co.uk,1
shopping@burkesbantry.ie,1
curtainfloor@burkesbantry.ie,1
rick@burkesbantry.ie,1
info@cancalmcbd.com,1
ail@coffeeingredients.co.uk,1
sales@hedghogleather.co.uk,1
cre8gifts@outlook.com,1
info@kimispetemporium.co.uk,1
sales@dbsdistribution.co.uk,1
info@ethicalgiftshop.co.uk,1
james@,0
admin@hotcups2go.com,1
sales@ipfstore.co.uk,1
info@jacjuggling.co.uk,1
info@jenniemann.com,1
info@justtape.co.uk,1
info@langfordssheds.com,1
info@lixirhealthandbeauty.com,1
sales@migtigarc.co.uk,1
sales@,0
enquiries@newbornphotographylimited.co.uk,1
nikknacks12@gmail.com,1
ello@nineacres.net,1
danny@northdesignerwear.co.uk,1
info@tbspanels.com,1
office@ohamotorsport.com,1
admin@ossibelts.co.uk,1
contact@outofcornwall.co.uk,1
sales@blindparts.co.uk,1
info@partyworx.co.uk,1
personalisedpony@hotmail.com,1
@williams,0
sales@polishyourcar.co.uk,1
sales@princeelectronicsupplies.co.uk,1
support@purityfragrance.co.uk,1
info@salermhairproducts.co.uk,1
amberwood.nzph@gmail.com,1
info@agriresearch.co.uk,1
paul@greatbritishbiscotti.co.uk,1
orders@saffronapparel.co.uk,1
dailyoptics@yahoo.com,1
sales@sparklepalace.co.uk,1
sales@technochair.co.uk,1
contact@terrasenza.london,1
info@thelook-uk.co.uk,1
thepenaltyspot9@yahoo.com,1
sales@thetinytoybox.co.uk,1
maheshkaradia@hotmail.com,1
info@vyomaxnutrition.com,1
samir@vyomaxnutrition.com,1
sales@saffronapparel.co.uk,1
stewcoin@commonwealthstamps.com,1
sales@a2bequestrian.com,1
sales@artsandcraftsofafrica.com,1
airbrushandpaint@hotmail.co.uk,1
sales@mulberryorganics.co.uk,1
balloonandpartyemporium@yahoo.co.uk,1
nigel@bittersweetchocolates.co.uk,1
hello@blueduckfabrics.co.uk,1
sales@broadwaycookshop.co.uk,1
sales@cambridgechocolates.co.uk,1
candyboxcrafts.co.uk@gmail.com,1
cardiganbaytrading@outlook.com,1
info@axle.co.uk,1
info@cdsprintersolutions.co.uk,1
michaelc@cermag.co.uk,1
hangibury@gmail.com,1
sales@cm3models.uk,1
web@corbyradioservices.com,1
hello@gaminghound.co.uk,1
help@doggoodies.co.uk,1
sales@duraflexpubushes.com,1
earldancewear@outlook.com,1
ecossemx1@outlook.com,1
embroiderybygeorge@btinternet.com,1
ventas@cavitogel.com,1
eternitytrainingacademy@gmail.com,1
joannedonaldson@yahoo.co.uk,1
support@ekm.com,1
fantasyflowersltd@gmail.com,1
fishleighson@hotmail.co.uk,1
nfo@flossytreats.co.uk,1
gadgetsdenlimited@gmail.com,1
info@gallopprint.com,1
gavspencilart@outlook.com,1
ess@ggpro.co.uk,1
sales@goodswholesale.co.uk,1
hello@halfpennyfabrics.co.uk,1
hangitup@outlook.com,1
info@happyeye.co.uk,1
enquiries@hqgiftshop.co.uk,1
hello@inklover.co.uk,1
@into-healthsupplements.co.uk,1
tamworth@jealousi-salons.co.uk,1
jumpdancewear@outlook.com,1
jumpdancewear@outlook.com???????,0
latestsatnav@gmail.com,1
leisurefootstools@gmail.com,1
tigerlillyme@live.co.uk,1
info@maguireboats.com,1
info@meltingfootprint.com,1
sales@nuworlddevelopments.co.uk,1
customerservice@partytoyou.co.uk,1
sales@performpanels.co.uk,1
pershorecandles@outlook.com,1
info@plateandbowl.co.uk,1
sales@ponyclubstore.com,1
info@prtyres.com,1
172raylo@gmail.com,1
info@redemptionvape.uk,1
wholesale@redemptionvape.uk,1
sales@reflexproducts.co.uk,1
info@retroyears.co.uk,1
sales@ridgewaytourers.co.uk,1
sales@riverside-hydroponics.co.uk,1
rocfen2020@gmail.com,1
info@shaw-tek.com,1
@rsmiller.co.uk,0
support@shoptop121.com,1
customercare@shoptop121.com,1
info@simplyuniform.co.uk,1
info@sizzll.co.uk,1
@snippycow,0
itsallaboutwine@btinternet.com,1
sales@betcofasteners.com,1
sales@zippromotions.co.uk,1
sugarrushbeachwear@outlook.com,1
suttonstamps@gmail.com,1
sales@thecurtainpolecompany.co.uk,1
homeandgifts@thepamperedhouse.co.uk,1
thetailorshed@gmail.com,1
sales@ukcameraclub.co.uk,1
info@millersremovals.com,1
reclinersparesuk@gmail.com,1
bespoke@pad-printers.co.uk,1
sales@pad-printers.co.uk,1
info@allsortswd.co.uk,1
allnaughties@gmail.com,1
info@ansom-moore.co.uk,1
info@auto-rocket.com,1
info@bambersew.com,1
nfo@knsigns.co.uk,1
team@catladylife.co.uk,1
info@celticwoods.com,1
chetreats@yahoo.co.uk,1
info@cocoveve.uk,1
sales@cornishhardwarestore.co.uk,1
gdexterhill@hotmail.com,1
hello@email.com,1
sales@gybe.co.uk,1
info@youremail.com,1
rikirwin40@gmail.com,1
sales@eurotulle.co.uk,1
filigreebridal@outlook.com,1
fancydress@whitelodgegroup.co.uk,1
admin@fragrancia.co.uk,1
info@fslplymouth.co.uk,1
liane@uk-surplus.com,1
homesandgiftsltd@gmail.com,1
info@ifashionwholesale.com,1
sales@invitedesigns.com,1
info@jlrdevon.co.uk,1
jkmuddiman@hotmail.com,1
jtssaddlery@gmail.com,1
email:?info@lightworksuk.co.uk,0
email:?londonlimemortar@gmail.com,0
info@maddoxhealth.co.uk,1
customerservice@malluga.co.uk,1
sales@mezzalunagifts.com,1
info@mondegreencandles.co.uk,1
motorsportandaccessories@btconnect.com,1
fiona@nail-artists-scotland.co.uk,1
@neocollectables,0
hello@neocards.co.uk,1
sales@pinnaclehomeinteriors.co.uk,1
radiatorcoversandgrilles@gmail.com,1
sales@ratemperaturesensors.co.uk,1
rich@ratemperaturesensors.co.uk,1
refreshsewing@gmail.com,1
info@rmelect.co.uk,1
info@,0
ron@rosetta.org.uk,1
ronallencuesports@hotmail.com,1
sales@selinajayne.co.uk,1
chandlerybarge@gmail.com,1
sales@tectracer.com,1
@tringtornadoes,0
communications@tringtornadoes.co.uk,1
enquiries@sleekburnprints.com,1
sales@snazz.co.uk,1
twitter@stephenhsmiths,0
@stephenhsmiths,0
design@thevirtualbathroomstore.co.uk,1
customersupport@thir13nthwatches.com,1
cafe@timbertrove.com,1
toyheroesstore@gmail.com,1
info@traf.org.uk,1
sales@ukexportsltd.com,1
hello@upstreets.com,1
sales@wrekinpneumatics.co.uk,1
hello@wyeweight.co.uk,1
yahalacollection@gmail.com,1
littlebirdstudio22@gmail.com,1
sales@mattlewismotorsport.co.uk,1
contact@allwallpapers.co.uk,1
annsprams@btconnect.com,1
info@aqua-fish.co.uk,1
info@meadowbrooklawnandgarden.co.uk,1
sales@barkhamofficefurniture.co.uk,1
info@beautifyme.co.uk,1
info@beakerbutton.co.uk,1
info@bristolandbathfirewood.co.uk?,0
support@cagedtiger.co.uk,1
info@chairworks.info,1
info@chefs-shop.co.uk,1
sales@countyengraving.co.uk,1
desire_accessories88@yahoo.co.uk,1
sales@espresso-products.co.uk,1
info@etnikajewellery.co.uk,1
sales@fibrelokgeosynthetics.co.uk,1
sales@optinetuk.com,1
info@flowercabinblackburn.co.uk,1
sales@geminks.co.uk,1
geronimo.underswim@gmail.com,1
sales@yourshop.co.uk,1
enquiries@girlpaua.co.uk,1
nfo@hg-hydroponics.co.uk,1
enq@heatingoiltankstore.co.uk,1
highstreettackle@gmail.com,1
facebook?@indiprint,0
sales@iqbmonline.co.uk,1
info@jacknverasgifts.co.uk,1
sales@jormaepourri.co.uk,1
info@just-soaps.com,1
info@just4x4spares.co.uk,1
hello@justjolly.co.uk,1
orders@kakashookahs.com,1
kevgudefishsales@gmail.com,1
info@lakesideneedlecraft.co.uk,1
leifheit@homespares.co.uk,1
enquiries@letthedicedecide.co.uk,1
llfashionup@hotmail.com,1
info@lovepubsnacks.co.uk,1
merlins@btconnect.com,1
medalsandtrophies4u@yahoo.com,1
leon@pendraken.co.uk,1
dropshipping@mmilo.co.uk,1
sales@mobilephonepartscompany.com,1
admin@mustbebonkers.co.uk,1
sales@nationalarcadehire.com?,0
sales@nationalarcadehire.com,1
sales@northwest-cosmetics.com,1
admin@ovalfinewines.co.uk,1
sales@parkhill24.com,1
info@projectwestcountry.co.uk,1
sales@responsefootwear.co.uk,1
sales@samaperfumes.co.uk,1
orders@samaperfumes.co.uk,1
wholesale@samaperfumes.co.uk,1
.u-hidden\@medium-down:nth-child(2),0
info@securitysupplier.co.uk,1
m:,0
elaine@sewingbelle.co.uk,1
hello@blanc.com,1
info@specs4sports.co.uk,1
splatcomics@hotmail.com,1
stadiumportraits@googlemail.com,1
sales@stanstedangling.co.uk,1
flues@btinternet.com,1
chris@lace-bobbins.co.uk,1
info.charnelhouse@gmail.com,1
sales@thecraftyottersholt.co.uk,1
info@thelittlegreenfox.co.uk.,1
tiasbeauty@virginmedia.com,1
edround@hotmail.co.uk,1
tunes@tomtomaudio.co.uk,1
info@tool-storage.co.uk,1
sales@towels-wholesale.co.uk,1
shaun@ukfossilsforsale.com,1
vyplaboral@gmail.com,1
info@flylight.co.uk,1
info@graphicmonster.co.uk,1
mikesmith@pspublishing.co.uk,1
anssales@gmx.co.uk,1
shoes@dowlingshoes.co.uk,1
briandavidlewis@icloud.com,1
audyberryhair@hotmail.com,1
alisonhayward@bagitplastics.co.uk,1
emma@beachhutcharm.co.uk,1
bespoketarps@gmail.com,1
sales@bullseyecountrysport.co.uk,1
sales@buytowels.co.uk,1
sales@cardandcraftworld.co.uk,1
info@charlesdancejewellers.co.uk,1
dazzleglittertattoo@live.com,1
sales@dbsportandscale.com,1
@dhg2014,0
sales@designerhomeandgarden.co.uk,1
email:-dollos4567@gmail.com,0
double_duck@yahoo.co.uk,1
sales@e-trailers.co.uk,1
email:undyarns@gmail.com,0
undyarns@gmail.com,1
elizajayne@hotmail.com,1
sales@excelclad.co.uk,1
enquiries@excelclad.co.uk,1
sales@excelmatting.com,1
enquiries@gdfb.co.uk,1
iftsunderatenner@gmail.com,1
shop@gigglepin4x4.net,1
ffice@gospelcardsetc.com,1
sales@hlwashrooms.co.uk,1
admin@hotshuffle.co.uk,1
is200parts@gmail.com,1
sales@isave-extra.com,1
kenttransit@outlook.com,1
sales@letsbuyvintage.com,1
info@limelandscapes.com,1
sales@m60.co.uk,1
metalmonstersales@gmail.com,1
sales@mindstormtoys.co.uk,1
newelectrical@btconnect.com,1
sales@newministuff.co.uk,1
sales@pagesoftools.co.uk,1
info@passionaccessories.com,1
john@passionaccessories.com,1
penzoraltd@gmail.com,1
sales@photonorgone.co.uk,1
info@premierfootballcards.com,1
enquiries@printigo.com,1
sales@pzpalmtree.co.uk,1
quality-fabrics@hotmail.com,1
sales@qualitybronze.co.uk,1
rosie@rosiesofbrixham.co.uk,1
enquiries@goldenhillplants.com,1
info@sprubitz.co.uk,1
sales@supply1.co.uk,1
sales@thecraftyglassbox.com,1
vintagebulbsuk@gmail.com,1
mail@ukgiftworld.co.uk,1
email:undyarns@gmail.com,1
val@valspersonalisedgifts.co.uk,1
lynn@visionplusuk.com,1
sales@westmidlandsfixings.co.uk,1
supplementscene@gmail.com,1
sales@aceonline.co.uk,1
info@aloenic.co.uk,1
sales@heslop-appliances.com,1
sales@batterystore.co.uk,1
nigel@blinds4cars.com,1
sales@brightondomesticappliances.co.uk,1
sales@chromelondon.com,1
sales@keytrak.co.uk,1
info@cowleyhouse.co.uk,1
sales@creamchargersteesside.co.uk,1
email:?outlet@davidbarry.com,0
info@debus.co.uk,1
info@dudiedogbandanas.co.uk,1
sales@earthstonetrading.com,1
info@enchantedcarousel.co.uk,1
mail@enforce-logic.co.uk,1
favourbygdcollection@yahoo.co.uk,1
admin@foolsgoldbags.co.uk,1
info@fp-francotyp.it,1
fwtyson@btinternet.com,1
sales@gisurplus.co.uk,1
info@glanidiumgraphics.co.uk,1
sales@gymflooringcompany.co.uk,1
support@honeyshouse.co.uk,1
sales@hungryexpats.com,1
jasellhomeinterior@btinternet.com,1
allaboutcakes@outlook.com,1
sales@johndale.co.uk,1
kismetevents@mail.com,1
helpdesk@kitchen-box.co.uk,1
sales@kohma.com,1
admin@lizardairsoftsupplies.co.uk,1
info@luxnovadrinks.co.uk,1
sales@mjlenses.co.uk,1
vincent@comvcom.fr,1
sales@myfamilyhouse.co.uk,1
natureswaykelso@live.com,1
enquiries@norfolkqualityplants.co.uk,1
sales@oemandmore.co.uk,1
info@omarkhayyam.uk,1
sales@phoenixengraving.co.uk,1
pieravenuebutchers@gmail.com,1
pumpsandpowerwashers@gmail.com,1
email:fetch@pupcakesdogbakery.co.uk,0
fetch@pupcakesdogbakery.co.uk,1
pvcpipesuperstore@gmail.com,1
info@royalautomotive.co.uk,1
sales@saturnstopwatches.co.uk,1
ales@saturnstopwatches.co.uk,1
sales@finger-protection.co.uk,1
silkinfinityflowers@hotmail.com,1
info@sourcing4u.co.uk,1
gemsim@outlook.com,1
equiries@swimboutiqueswimwear.co.uk,1
info@teen-skinactives.com,1
admin@thecelticshop.uk,1
info@thedetailingbooth.co.uk,1
nfo@thenaturallypureshop.co.uk,1
sales@trustleaf.co.uk,1
sales@wantonwaxandwickedwicks.com,1
sales@wearetheenglish.com,1
info@withoutfear-fitnessapparel.com,1
nia@wonkiedonkie.com,1
the,0
be,0
and,0
a,0
of,0
to,0
in,0
i,0
you,0
it,0
have,0
that,0
for,0
do,0
he,0
with,0
on,0
this,0
nï¿½t,0
we,0
not,0
but,0
they,0
say,0
at,0
what,0
his,0
from,0
go,0
or,0
by,0
get,0
she,0
my,0
can,0
as,0
know,0
if,0
me,0
your,0
all,0
who,0
about,0
their,0
will,0
so,0
would,0
make,0
just,0
up,0
think,0
time,0
there,0
see,0
her,0
out,0
one,0
come,0
people,0
take,0
year,0
him,0
them,0
some,0
want,0
how,0
when,0
which,0
now,0
like,0
other,0
could,0
our,0
into,0
here,0
then,0
than,0
look,0
way,0
more,0
these,0
no,0
thing,0
well,0
because,0
also,0
two,0
use,0
tell,0
good,0
first,0
man,0
day,0
find,0
give,0
new,0
us,0
any,0
those,0
very,0
need,0
back,0
should,0
even,0
only,0
many,0
really,0
work,0
life,0
why,0
right,0
down,0
try,0
let,0
something,0
too,0
call,0
woman,0
may,0
still,0
through,0
mean,0
after,0
never,0
world,0
feel,0
yeah,0
great,0
last,0
child,0
oh,0
over,0
ask,0
school,0
state,0
much,0
talk,0
keep,0
leave,0
put,0
help,0
big,0
where,0
same,0
own,0
while,0
start,0
three,0
high,0
every,0
another,0
become,0
most,0
between,0
happen,0
family,0
president,0
old,0
yes,0
house,0
show,0
again,0
student,0
seem,0
might,0
part,0
hear,0
its,0
place,0
problem,0
believe,0
country,0
always,0
week,0
point,0
hand,0
off,0
play,0
turn,0
few,0
group,0
such,0
against,0
run,0
guy,0
case,0
question,0
night,0
live,0
game,0
number,0
write,0
bring,0
without,0
money,0
lot,0
book,0
system,0
government,0
next,0
city,0
company,0
story,0
today,0
job,0
move,0
must,0
bad,0
friend,0
during,0
begin,0
love,0
each,0
hold,0
different,0
american,0
little,0
before,0
ever,0
word,0
fact,0
read,0
anything,0
nothing,0
sure,0
small,0
month,0
program,0
maybe,0
under,0
business,0
home,0
kind,0
stop,0
pay,0
study,0
since,0
issue,0
name,0
idea,0
room,0
percent,0
far,0
away,0
law,0
actually,0
large,0
though,0
provide,0
lose,0
power,0
kid,0
war,0
understand,0
head,0
mother,0
real,0
best,0
team,0
eye,0
long,0
side,0
water,0
young,0
wait,0
okay,0
both,0
yet,0
meet,0
service,0
area,0
important,0
person,0
hey,0
thank,0
someone,0
end,0
change,0
however,0
around,0
hour,0
everything,0
national,0
four,0
line,0
girl,0
watch,0
until,0
father,0
sit,0
create,0
information,0
car,0
learn,0
least,0
already,0
kill,0
minute,0
party,0
include,0
stand,0
together,0
follow,0
health,0
remember,0
often,0
reason,0
speak,0
ago,0
set,0
black,0
member,0
community,0
once,0
social,0
news,0
allow,0
win,0
body,0
lead,0
continue,0
whether,0
enough,0
spend,0
level,0
able,0
political,0
almost,0
boy,0
university,0
stay,0
add,0
later,0
five,0
probably,0
center,0
among,0
face,0
public,0
die,0
food,0
else,0
history,0
buy,0
result,0
morning,0
parent,0
office,0
course,0
send,0
research,0
walk,0
door,0
white,0
several,0
court,0
grow,0
better,0
open,0
moment,0
including,0
consider,0
within,0
second,0
late,0
street,0
free,0
everyone,0
policy,0
table,0
sorry,0
care,0
low,0
human,0
please,0
hope,0
process,0
teacher,0
data,0
offer,0
death,0
whole,0
experience,0
plan,0
easy,0
education,0
build,0
expect,0
fall,0
himself,0
age,0
hard,0
sense,0
across,0
early,0
college,0
music,0
appear,0
mind,0
class,0
police,0
effect,0
season,0
tax,0
heart,0
son,0
art,0
possible,0
serve,0
break,0
although,0
market,0
air,0
force,0
require,0
foot,0
listen,0
agree,0
according,0
anyone,0
baby,0
wrong,0
cut,0
decide,0
republican,0
full,0
behind,0
pass,0
interest,0
sometimes,0
security,0
eat,0
report,0
control,0
rate,0
local,0
suggest,0
nation,0
sell,0
action,0
support,0
thanks,0
event,0
drive,0
strong,0
reach,0
remain,0
explain,0
site,0
hit,0
pull,0
church,0
model,0
perhaps,0
relationship,0
six,0
fine,0
movie,0
field,0
raise,0
less,0
player,0
couple,0
million,0
themselves,0
record,0
especially,0
difference,0
light,0
development,0
federal,0
former,0
role,0
pretty,0
myself,0
view,0
price,0
effort,0
nice,0
quite,0
along,0
voice,0
finally,0
department,0
either,0
toward,0
leader,0
photo,0
wear,0
space,0
project,0
return,0
position,0
special,0
film,0
major,0
type,0
town,0
article,0
road,0
form,0
chance,0
drug,0
economic,0
situation,0
choose,0
practice,0
cause,0
happy,0
science,0
join,0
teach,0
develop,0
share,0
yourself,0
carry,0
clear,0
brother,0
matter,0
dead,0
image,0
star,0
cost,0
simply,0
post,0
society,0
picture,0
piece,0
paper,0
energy,0
personal,0
building,0
military,0
doctor,0
activity,0
exactly,0
media,0
miss,0
evidence,0
product,0
realize,0
save,0
arm,0
technology,0
catch,0
comment,0
term,0
color,0
cover,0
describe,0
guess,0
choice,0
source,0
mom,0
soon,0
director,0
international,0
rule,0
campaign,0
ground,0
election,0
uh,0
check,0
page,0
fight,0
itself,0
test,0
patient,0
produce,0
certain,0
whatever,0
half,0
video,0
throw,0
third,0
rest,0
recent,0
available,0
step,0
ready,0
opportunity,0
official,0
oil,0
organization,0
character,0
single,0
current,0
likely,0
county,0
future,0
dad,0
whose,0
shoot,0
industry,0
list,0
general,0
stuff,0
figure,0
attention,0
forget,0
risk,0
focus,0
short,0
fire,0
dog,0
red,0
hair,0
condition,0
wall,0
daughter,0
deal,0
author,0
truth,0
upon,0
husband,0
period,0
series,0
order,0
officer,0
close,0
land,0
note,0
computer,0
thought,0
economy,0
goal,0
bank,0
behavior,0
sound,0
certainly,0
nearly,0
increase,0
act,0
north,0
blood,0
culture,0
medical,0
ok,0
everybody,0
top,0
difficult,0
language,0
window,0
response,0
population,0
lie,0
tree,0
park,0
worker,0
draw,0
drop,0
push,0
earth,0
per,0
private,0
tonight,0
race,0
letter,0
gun,0
simple,0
wonder,0
involve,0
hell,0
poor,0
answer,0
nature,0
administration,0
common,0
message,0
song,0
enjoy,0
similar,0
congress,0
attack,0
past,0
hot,0
seek,0
amount,0
analysis,0
store,0
defense,0
bill,0
cell,0
performance,0
hospital,0
bed,0
board,0
protect,0
century,0
summer,0
material,0
individual,0
recently,0
example,0
represent,0
fill,0
animal,0
fail,0
factor,0
natural,0
sir,0
agency,0
usually,0
significant,0
ability,0
mile,0
statement,0
entire,0
democrat,0
floor,0
serious,0
career,0
dollar,0
vote,0
sex,0
compare,0
south,0
forward,0
subject,0
financial,0
identify,0
beautiful,0
decade,0
bit,0
reduce,0
sister,0
quality,0
quickly,0
press,0
worry,0
accept,0
enter,0
mention,0
thus,0
plant,0
movement,0
scene,0
section,0
treatment,0
wish,0
benefit,0
interesting,0
west,0
candidate,0
approach,0
determine,0
resource,0
claim,0
prove,0
sort,0
size,0
somebody,0
knowledge,0
rather,0
hang,0
sport,0
tv,0
loss,0
argue,0
left,0
meeting,0
skill,0
card,0
feeling,0
despite,0
degree,0
crime,0
sign,0
occur,0
imagine,0
near,0
king,0
box,0
present,0
seven,0
foreign,0
laugh,0
disease,0
lady,0
beyond,0
discuss,0
finish,0
design,0
concern,0
ball,0
east,0
recognize,0
apply,0
prepare,0
network,0
huge,0
success,0
district,0
cup,0
physical,0
growth,0
rise,0
hi,0
standard,0
fan,0
theory,0
staff,0
hurt,0
legal,0
september,0
outside,0
et,0
strategy,0
clearly,0
property,0
lay,0
final,0
authority,0
perfect,0
method,0
region,0
impact,0
indicate,0
safe,0
committee,0
supposed,0
dream,0
training,0
shit,0
central,0
option,0
eight,0
particularly,0
completely,0
opinion,0
main,0
ten,0
interview,0
exist,0
remove,0
dark,0
union,0
professor,0
pressure,0
purpose,0
stage,0
blue,0
herself,0
sun,0
pain,0
artist,0
employee,0
avoid,0
account,0
release,0
fund,0
environment,0
treat,0
specific,0
version,0
shot,0
hate,0
reality,0
visit,0
club,0
justice,0
river,0
brain,0
memory,0
rock,0
camera,0
global,0
various,0
arrive,0
notice,0
detail,0
challenge,0
argument,0
nobody,0
weapon,0
station,0
island,0
absolutely,0
instead,0
discussion,0
affect,0
anyway,0
respond,0
trouble,0
conversation,0
manage,0
date,0
army,0
charge,0
seat,0
enquiries@christie.com,1
6thformenquiries@arkalexandra.org,1
@cartersbc,0
@darwen,0
admin@cartersbc.co.uk,1
filler@godaddy.com,1
admin@dogaid.org.uk,1
admin@eateasy.co.uk,1
admin@empowermentcharity.org.uk,1
admin@firstfederation.org.uk,1
admin@gateway.fcat.org.uk,1
@thewellchurchuk,0
admin@iwell.org.uk,1
admin(@)minibushireblackpool.com,0
admin@pearlcare.co.uk,1
admin@primaryexcellence.org,1
admin@rowanvets.co.uk,1
admin@sardinesmagazine.co.uk,1
admin@sportsphysiouk.co.uk,1
admin@st.tees.org.uk,1
cached@1645353004,0
anneaagaard@vineyard.dk,1
admin@vineyard.dk,1
maria@vineyard.dk,1
kathrine@vineyard.dk,1
emilrindom@vineyard.dk,1
administrativo@vitaengenharia.com.br,1
administrator@cprtrust.org.uk,1
admissions@marjon.ac.uk,1
@ecumenicalnews,0
advertising@realla.co,1
3;grid-row:2;}@media,0
.css-12621tn{margin-left:0;}@media,0
1rem;}@media,0
.css-1ieyfzd{margin-bottom:2rem;}@media,0
.css-cnd185{display:block;}@media,0
.css-bq6zc0{display:none;}@media,0
.css-109ynh5{display:none;}@media,0
.css-18977n7{position:relative;z-index:1;background-color:white;}@media,0
adverts@oamedia.co.uk,1
advice@bptax.co.uk,1
agi@agighana.org,1
airmate@airmate.aero,1
airteam@airteam.eu,1
allsaintsanchorsholme@gmail.com,1
andrew@axel.co.uk,1
andrew@revolutionwelding.com.au,1
andy@barcadiamedia.co.uk,1
james@barcadiamedia.co.uk,1
kirsty@barcadiamedia.co.uk,1
amy@barcadiamedia.co.uk,1
rozi@barcadiamedia.co.uk,1
warren@barcadiamedia.co.uk,1
caitlin@barcadiamedia.co.uk,1
sam@barcadiamedia.co.uk,1
stefan@barcadiamedia.co.uk,1
megan@barcadiamedia.co.uk,1
gordon@barcadiamedia.co.uk,1
chris@barcadiamedia.co.uk,1
gerron@barcadiamedia.co.uk,1
christine@barcadiamedia.co.uk,1
lesley@barcadiamedia.co.uk,1
@barcadiamedia,0
team@barcadiamedia.co.uk,1
@archiveshub,0
asktheexperts@ror.org.uk,1
@weatherbysltd,0
@rorlatest,0
babyloss@sands.org.uk,1
bhaverland@swimmersguide.com,1
birmingham@tokyotoys.com,1
ttssidcup@gmail.com,1
blackpoolmx@gmail.com,1
bmcpublichealth@biomedcentral.com,1
orsupport@springernature.com,1
boilers@aclass-plumbing.co.uk,1
@cartfordi,0
bolton@kingschurchlife.com,1
book@flightspro.co.uk,1
uk-child-width-1-3@s,0
booking@chefhouseresort.com.np,1
booking@mytaxe.uk,1
info@mytaxe.uk,1
accounts@mytaxe.uk,1
helpdesk@mytaxe.uk,1
booking@pilot.ua,1
info@southbeachapartments.co.uk,1
booking@thewaterfordblackpool.co.uk,1
bookings@manchester-taxis-minibuses.co.uk,1
bookings@readscourt.co.uk,1
@vivavegasbpl,0
bookings@tripmoba.com,1
boxoffice@lowtherpavilion.co.uk,1
cached@1645437642,0
brent@urbancoffeeservices.co.uk,1
bridget.williamson@georgejamesltd.com,1
train@base,0
bsda@britishsoftdrinks.com,1
buysouthafricaonline@bestbiltong.com,1
careteam+sg@getdoc.com,1
careteam+my@getdoc.com,1
cement.technical.help@hanson.biz,1
@todo,0
enquiries@hanson.com,1
cep.info@lse.ac.uk,1
@cep_lse,0
peckham.society@gmail.com,1
chairman@peckhamsociety.org.uk,1
secretary@peckhamsociety.org.uk,1
treasurer@peckhamsociety.org.uk,1
membership@peckhamsociety.org.uk,1
editor@peckhamsociety.org.uk,1
steve@stephenfrench.com,1
chambers@wilberforce.co.uk,1
mbarb@freenetname.co.uk,1
cihs@cumbria-industries.org.uk,1
@championaccount,0
url('https://fonts.googleapis.com/css2?family=montserrat:wght@300;400;500;600;700&display=swap');,0
clok@uclan.ac.uk,1
committee@derby.gov.uk,1
construction@integrity-software.net,1
joe.bloggs@example.com,0
contact@acmefg.com,1
@youtube,0
contact@agilityresourcing.co.uk,1
contact@aluminumfencesdirect.net,1
contact@cfourpaws.co.uk,1
contact@cyclotrott.com,1
blackheaththeatrecompany@gmail.com,1
info@westendweekenduk.com,1
elaine.messham@btinternet.com,1
spatchersheila@gmail.com,1
contact@dramagroups.com,1
treasurer@thundersley.org,1
elnorton49@gmail.com,1
amandalindsay@live.co.uk,1
contact@exclusive.com,1
contact@makplastgroup.com.mk,1
contact@senedd.wales,1
contactus@cravendc.gov.uk,1
contactus@exporthub.com,1
contactus@findtheneedle.co.uk,1
contactus@tradekey.com,1
customer.services@southlakeland.gov.uk,1
customercare@direct.digital,1
connect@direct.digital,1
customerenquiries@cashgenerator.co.uk,1
customerservice@israelifooddirect.com,1
@rwt_nhs,0
@puritysoftdrink,0
jack@inventis.uk,1
lauren@invents.uk,1
yourname@example.com,0
uploaded@[mon,0
customerservices@one-below.co.uk,1
customerservices@pulseandcocktails.co.uk,1
dan@fit316.co.uk,1
davison.c3@sky.com,1
desk@breakingnews.ie,1
dick.flute@ukairfieldguide.net,1
dinkes@klungkungkab.go.id,1
doyles@doylesconstructionlawyers.com,1
@2021,0
easterleighanimalcharity@gmail.com,1
easterleighanimals@yahoo.com,1
editor@whatuni.com,1
@,0
@type:,0
@media(max-width:765px),0
elswickgm@outlook.com,1
enquire@kevintimmonsphotography.co.uk,1
enquires@corkdrugandalcohol.ie,1
enquiries@abelglass.co.uk,1
enquiries@adoptionmatters.org,1
enquiries@airads.uk,1
@media,0
enquiries@aluminiumframeco.co.uk,1
aftersales@aluminiumframeco.co.uk,1
"{""@context"":""http:\/\/schema.org"",""@type"":""thing""}",0
enquiries@armstrongsgroup.com,1
enquiries@bdc-uk.co.uk,1
enquiries@beachhouseblackpool.co.uk,1
enquiries@beswickrefrigeration.co.uk,1
enquiries@breathetherapies.co.uk,1
marketing@breathetherapies.co.uk,1
enquiries@candchealthcare.co.uk,1
@,0
.@,0
enquiries@cbrefrigeration.co.uk,1
enquiries@claphamagricultural.co.uk,1
enquiries@crucialengineering.co.uk,1
enquiries@froscold.co.uk,1
enquiries@harrison-drury.com,1
enquiries@irishvetspecialists.com,1
enquiries@lindumhotel.com,1
@thelindumhotel,0
enquiries@lunevalleyrefrigeration.co.uk,1
enquiries@matthewclark.co.uk,1
enquiries@minstercaregroup.co.uk,1
enquiries@motivair.co.uk,1
enquiries@networxrecruitment.com,1
enquiries@pathwayscaregroup.co.uk,1
@salutemhc,0
@2021,0
@,0
enquiries@reamhills.co.uk,1
enquiries@,0
enquiries@rowland.co.uk,1
customercare@rowland.co.uk,1
enquiries@smp-ltd.co.uk,1
sales@smp-ltd.co.uk,1
accounts@smp-ltd.co.uk,1
enquiries@staininglodge.co.uk,1
enquiries@tees.ac.uk,1
enquiries@trig-avionics.com,1
enquiry@cars-exec.com,1
@carsexecuk,0
@boardmasters,0
enquiry@cytecare.com,1
enquiry@marketlocation.com,1
enquirycentre@cumbria.ac.uk,1
experienceclient@fixauto.com,1
customer.service@fixauto.com,1
usa@fixauto.com,1
admin@fixauto.co.uk,1
south.africa@fixauto.com,1
info@fixauto.com,1
jroman@fixauto.com,1
franquicias@fixauto.com,1
export@jjfoodservice.com,1
xtractsair@gmail.com,1
@,0
callcentre@ecg-maint.com,1
facilities@ecg-maint.com,1
farmerted@farmerteds.com,1
@todo:,0
@fcdotravelgovuk,0
feedback.backhome@virginholidays.com,1
duty.office@virginholidays.com,1
usareps@virginholidays.com,1
feedback@salaryexpert.com,1
gemma@helispeed.co.uk,1
geral@reciol.pt,1
greetings@codegalaxy.co.uk,1
haveyoursay@bbc.co.uk,1
helen@ridgewayfarmblackpool.co.uk,1
[@],0
hello@fieldhousebrewing.com,1
hello@ac-elec.co.uk,1
hello@aerialsports.co.uk,1
hello@alliancecityliving.com,1
landlords@alliancecityliving.com,1
@truestories.media,0
@,0
hello@arbor-education.com,1
hello@azets.co.uk,1
hello@blackpoolpromotions.com,1
hello@blackpoolresort.co.uk,1
hello@blacktigercreative.co.uk,1
hello@broadwaylodge.org.uk,1
@broadway_lodge,0
info@test.com,0
@,0
hello@churchalive.co.uk,1
"{""@context"":""http:\/\/schema.org"",""@type"":""website"",""url"":""https:\/\/datantify.com""}",0
60px;,0
},0
@media,0
68%;,0
},0
@media,0
lienhe@diab.com.vn,0
40px;,0
},0
@media,0
cached@1645439102,0
hello@flipbookstudio.co.uk,1
@import,0
hello@getmymot.com,1
maryann@gooseygoo.co.uk,1
sean@shokku.co.uk,1
@2022-02-18,0
hello@happy-creative.co.uk,1
@happy_creative,0
@emmalouise,0
hello@heckford-advertising.co.uk,1
enquiries@ren-uk.com,1
hello@horizonblackpool.uk,1
enquiries@ren-uk.com,1
@mhcukltd,0
@jcpinnemidwales,0
@wgucareers,0
hello@myblackpoolhome.co.uk,1
hello@newsgroove.co.uk,1
@rtdcreative,0
@media,0
hello@saintfinancialgroup.co.uk,1
hello@saintfinancialgroup.co.uk,1
@,0
hello@seeksocial.co.uk,1
cached@1645439463,0
hello@tripability.net,1
hello@vertical-aerospace.com,1
press@vertical-aerospace.com,1
@swg,0
hello@virginiasvintagehire.co.uk,1
nicky@virginiasvintagehire.co.uk,1
hello@weareflow.uk,1
hello@workhousemarketing.com,1
help@omeek.com,1
@media,0
info@m2ingenieros.com,1
hurlstone-h.school@det.nsw.edu.au,1
hycrome@score-group.com,1
epa-info@mek.oszk.hu,1
indiapr.newsdesk@gmail.com,1
?info@12thstreetdojo.com,0
info@360photosurvey.com,1
info@aaronwheelergunsmith.co.uk,1
@2022-02-19,0
info@abbeyroofingpreston.co.uk,1
@,0
"href=""https://fonts.googleapis.com/css2?family=jost:wght@200;300;400;500;600;700&family=redressed&display=swap""",0
info@abeslimoservice.com,1
abes@abeslimoservice.com,1
info@academiafutura.com,1
info@acupuncture.org.uk,1
info@acupuncturepreston.co.uk,1
info@addictionsuk.com,1
info@aet-turbos.co.uk,1
@media,0
info@aggregatesdirect.co.uk,1
sales@aggregatesdirect.co.uk,1
info@airport-hotels-transfers.uk,1
info@meridian-sun.co.uk,1
info@airporttraveluk.co.uk,1
info@airportwatch.org.uk,1
@airportwatch,0
ed@alexandergrace-law.co.uk,1
info@alexandergrace-law.co.uk,1
info@alpha-vets.co.uk,1
info@aluminiumwindowsltd.co.uk,1
info@angelsprivatehomecare.co.uk,1
angels.privatehomecare@gmail.com,1
info@antiquesworld.co.uk,1
@type:,0
info@arcblackpool.co.uk,1
@,0
info@athletematters.com,1
info@automaticmachineservices.co.uk,1
info@axisstudiosgroup.com,1
info@axminsterheritage.org,1
@isdgroupuk,0
@coinslot777,0
@tvcleisure,0
info@bbelaw.co.uk,1
info@betagroupltd.com,1
@2022-02-21,0
info@bfbi.org.uk,1
cached@1645418844,0
info@bi2technologies.com,1
info@blackhurstbudd.co.uk,1
@media,0
info@blackpool.ie,0
(atc@blackpoolairport.com),0
info@blackpoolairport.com,1
info@blackpoolholidays.co.uk,1
info@blackpoolphysio.com,1
info@blutailfinancial.com,1
info@boltonabbey.com,1
cached@1644858192,0
info@boomerangfamily.co.uk,1
info@bradshawsfarmshop.co.uk,1
},0
info@brandsouthafrica.com,1
@media,0
info@britanniaminibuses.co.uk,1
info@britanniaminibuses.co.uk,1
info@britanniaminibuses.co.uk,1
info@brownandco.uk,1
info@bsor.ie,1
cached@1645435664,0
info@bwhdrinks.co.uk,1
info@calltoadventure.uk,1
info@canalia.com,1
@,0
info@caritascare.org.uk,1
@media,0
info@cas-limited.com,1
@therehabguide,0
info@cavokaviation.co.uk,1
info@ccats.org.uk,1
cached@1645436101,0
info@centreforcities.org,1
@camdenminicab,0
info@cheapcamdenminicab.co.uk,1
info@chinese-clinic.com,1
cached@1645436576,0
info@clarkeandpulman.com,1
info@cleanasawhistle.co,1
info@clinicofnaturalmedicine.uk,1
info@coachhouse.com,1
info@completeonline.co.uk,1
info@comrieautomatics.com,1
info@confartigianato.verona.it,1
confartigianato.verona@pec.it,1
info@corkbearings.ie,1
info@corktrainingcentre.ie,1
info@countrystorage.co.uk,1
info@countyalpacas.co.uk,1
info@conceptglass.co.uk,1
@,0
info@cranshawmiddleton.co.uk,1
stevec@cranshawmiddleton.co.uk,1
info@cutmyplastic.co.uk,1
info@dalereeves.co.uk,1
info@dementiauk.org,1
info@diamondleisure.co.uk,1
info@diecastairplane.com,1
info@digitalconsultancylancashire.co.uk,1
ben@digitalconsultancylancashire.co.uk,1
info@dragoncreative.co.uk,1
info@drinagh.com,1
info@drinksdirect.com,1
info@dronesitesurveys.co.uk,1
info@drum-tech.pl,1
info@easthams.co.uk,1
info@eatsummore.com,1
@primaryfutures,0
@uk_caa,0
info@educationandemployers.org,1
info@environmentalpestservices.co.uk,1
info@essexweldingandfabrication.co.uk,1
info@evergreenmedia.co.uk,1
info@farleys.com,1
info@feltonsarmysurplus.com,1
info@fendixmedia.co.uk,1
info@fettleanimation.com,1
info@firstdojo.com,1
info@flightpathblackpool.co.uk,1
info@florenceblackpool.com,1
info@flyaeolus.com,1
info@fmwasteltd.co.uk,1
info@foxbrothers.co.uk,1
@media,0
tipping@foxbrothers.co.uk,1
sales@foxbrothers.co.uk,1
info@frankensaurus.com,1
info@funktionevents.co.uk,1
info@futurecobioscience.com,1
info@fyldecoastaccountancy.co.uk,1
info@garagesolutions.org,1
info@garstang-natural-health.co.uk,1
@garyarmer,0
info@garyarmer.co.uk,1
info@gbairporttransfer.com,1
info@gerrys.uk.com,1
@getthedatacom,0
info@gillettenviro.com,1
@,0
info@gopromoandevents.com,1
info@gosheating.co.uk,1
sales@gosheating.co.uk,1
info@gossipmarketing.co.uk,1
info@great-days-out.co.uk,1
cached@1645383339,0
info@greatharwoodwindows.co.uk,1
info@greencooling.co.uk,1
info@groundwork.org.uk,1
info@guidohof.com,1
info@hbdigital.co.uk,1
info@heathrow-taxi-booking.co.uk,1
info@heatonsengineering.com,1
info@heritagehouseblackpool.co.uk,1
info@hotelsavonia.fi,1
info@houseandjackson.co.uk,1
info@hyhotels.co.uk,1
info@inplas.co.uk,1
info@investravel.com,1
info@jcwindows.com,1
info@jewishgen.org,1
info@jiverecruitment.co.uk,1
info@jmentertainment.co.uk,1
@jments1,0
info@juta.co.uk,1
info@karecovering.com,1
info@kepak.com,1
info@labfitness.com,1
info@lancashirebusinessview.co.uk,1
info@lancasterpark.co.uk,1
@media,0
info@lareaders.com,1
info@leedswestacademy.org.uk,1
info@legat1903.com,1
@file,0
info@leonbootsco.com,1
accounts@leonbootsco.com,1
sales@leonbootsco.com,1
@media,0
info@limitlesstravel.org.,0
holidays@limitlesstravel.org,1
rob@localwineschool.com,1
@sealifeweymouth,0
info@lovelovefilms.com,1
info@luxferuttam.com,1
info@ma-2.co.uk,1
@portoacademy,0
cached@1645423038,0
info@majestictaxis.com,1
@farming_indo,0
@kotele,0
info@major-equipment.com,1
ukinfo@major-equipment.com,1
euinfo@major-equipment.com,1
info@makesworth.co.uk,1
info@maptionnaire.com,1
sales@maptionnaire.com,1
info@mdclinic.ie,1
info@mdphoto.be,1
@meijikickboxing,0
info@message.org.uk,1
info@mgpayrollservices.co.uk,1
info@minibustransports.com,1
info@minibustransports.com,1
info@mobilephoneappsltd.co.uk,1
info@nexthealth.de,1
info@nextlevelphysiotherapy.com,1
enquiries@nodahotel.com,1
reservations@nodahotel.com,1
@nonstoprecruit,0
@nonstopcareers,0
@nonstopconsulting,0
@nonstopconsulting,0
@nonstopconsult,0
info@nordan.ie,1
info@northwestreferrals.co.uk,1
info@oasiswellbeingclinic.com,1
info@ofta.co.uk,1
info@oltco.co.uk,1
info@painteranddecoratorblackpool.co.uk,1
info@partnerplusmedia.com,1
info@pavingexpert.com,1
info@pennmodelsrc.co.uk,1
info@phhsolicitors.co.uk,1
info@physio-vet.com,1
info@planethealthcork.ie,1
info@pmsol.co.uk,1
ron@pmsol.co.uk,1
stephen@pmsol.co.uk,1
richard@pmsol.co.uk,1
lynsey@pmsol.co.uk,1
razak@pmsol.co.uk,1
robert@pmsol.co.uk,1
info@poolfootfarm.co.uk,1
@,0
@ftfcpoolfootfarm,0
@poolfootfarm,0
@poolfootfarm_sc,0
info@postcodelottery.co.uk,1
info@predomix.com,1
info@purely-raw.co.uk,1
info@qed-productions.com,1
info@quintas.ie,1
info@randrcavityremoval.co.uk,1
info@ravisah.in,1
info@rawcliffeco.com,1
@,0
info@readytotrip.com,1
info@redroutemarketing.com,1
info@rehabclinicsgroup.com,1
info@resininstall.co.uk,1
sales@resininstall.co.uk,1
trade@resininstall.co.uk,1
info@rhinoinstalls.co.uk,1
info@ribblevalleyanimalfeeds.co.uk,1
info@rockpoolrac.com,1
info@romanjamesestates.co.uk,1
info@screammanagement.com,1
info@silverfoxdogrescue.com,1
info@skindeep-medical.co.uk,1
info@slynecaravanpark.co.uk,1
info@sovpsl.com,1
info@srbfc.co.za,1
info@srbfc.co.za,1
info@step1recovery.com,1
info@stephentew.co.uk,1
@media,0
info@stpaulsnsbpl.org,1
info@strathallan.co.uk,1
info@stripperonline.co.uk,1
info@stuartairshow.com,1
info@takk.fi,1
info@taxis-manchesterairport.co.uk,1
info@shoutexpo.com,1
info@thearmfieldclub.co.uk,1
info@theattikstannes.co.uk,1
info@thebeachhouseblackpool.co.uk,1
info@thebramblesresthome.co.uk,1
hello@thefeedwarehouse.co.uk,1
info@theheadlandsblackpool.co.uk,1
fern@themadhunter.co.uk,1
[_nghost-sc135]{margin-right:1rem}@media,0
info@thenbs.com,1
manufacturers@thenbs.com,1
info@theoldcoachhouseantiques.co.uk,1
info@topdoctors.co.uk,1
info@totalserveltd.com,1
info@tridentutilities.co.uk,1
info@tvcleisure.co.uk,1
info@twentiethcenturyposters.com,1
info@ubi.uz,1
info@ukaviationservices.com,1
info@uk-loco.com,1
info@,0
"{""@context"":""https://schema.org"",""@graph"":[""https://schema.org"",[]]}",0
info@waterlookungfu.com,1
@waterlookungfu,0
info@wearetp.co.uk,1
cached@1645441365,0
info@weglazeanywindow.com,1
@,0
info@westcoastautomotive.co.uk,1
info@windowrepairsolutions.co.uk,1
info@worsleyphysioclinic.co.uk,1
@2022,0
info@yorkshireadoptionagency.org.uk,1
inkden.tattoo@gmail.com,1
jdaerialfitness@gmail.com,1
info@theprestonhub.co.uk,1
k9mana@gmail.com,1
"href='mailto:kirjaamo.okm@gov.fi'>kirjaamo.okm@gov.fi</a>"")",0
kpeters@fltimes.com,1
lada.petrankova@gatenachod.cz,1
lancaster@lanesvets.com,1
garstang@lanesvets.com,1
poulton@lanesvets.com,1
cottam@lanesvets.com,1
vets@beaconfarmvets.co.uk,1
farmteam@lanesfarmvets.com,1
lettings@brighterlets.co.uk,1
local.offer@newham.gov.uk,1
local.offer@newham.gov.uk,1
london@rafmuseum.org,1
cosford@rafmuseum.org,1
lostockchurch01@gmail.com,1
lsahtc@lythamhigh.lancs.sch.uk,1
@lythamhigh,0
mail@allcoolnw.co.uk,1
mail@bickerdikeallen.com,1
mail@dbfacades.com,1
mail@leekellyupvc.com,1
@masenv_uk,0
maintenance@polaraviation.fi,1
info@whalleycornmills.co.uk,1
mangumstarnews.net@gmail.com,1
@2021.,0
cached@1645426404,0
mark@capricornaccountancy.com,1
marketing@forterra.co.uk,1
cached@1645442856,0
@rnli,0
@united_ed,0
@_ukactive,0
@cimspa,0
@sta_hq,0
@aquabatix1,0
@tomdaley1994,0
@comicrelief,0
marketing@sta.co.uk,1
marketing@wiltoncarpets.com,1
marriott-activities@placepass.com,1
mat@fly-uk.org,1
mercadeovmn@virtualmedianet.com,1
messages@wjsuk.com,1
naomi@circuitsweet.co.uk,1
{font-size:px;},0
@media,0
*/,0
@media,0
subscriptions@jerseyeveningpost.com,1
"src=""https://cdn.jsdelivr.net/g/html5shiv@3.7.3,respond@1.4.2""></script>",0
nikki@fwd-uk.com,1
office@adips.co.uk,1
office@agrecruitment.eu,1
@airpilotsco,0
office@airpilots.org,1
@n33co,0
office@firstbaptistnewhaven.org,1
@import,0
office@killinghall.bradford.sch.uk,1
office@nituv.net,1
@westcravenhigh,0
@,0
office@westcraven.co.uk,1
onlinesales@gibbsafety.com,1
ops@ravenair.co.uk,1
ops@solentairport.co.uk,1
etunimi.sukunimi@elho.fi,1
@media,0
mariajacks774@yahoo....,0
@,0
paul@sssk.co.uk,1
paul@ultimatecooling.co.uk,1
pembertonsfarmshop@gmail.com,1
jovs@amepc.org,1
permissions@amegroups.com,1
sales@amegroups.com,1
philip.lancaster@ssab.com,1
press@antonov.com,1
info@antonov.com,1
support@antonov.com,1
sales@antonov-airlines.aero,1
pricewiseaircon@outlook.com,1
projesatis@celebizadehali.com,1
export@confetti.com.tr,1
satis@confetti.com.tr,1
projesatis@,0
satis@confetti.com.tr,1
export@confetti.com.tr,1
@font-face,0
publisher@hmdb.org,1
@e2_consultants,0
info@weru.co.uk,1
rcr.knockholt@btinternet.com,1
@lbhacommunity,0
webmaster@bigginhill.co.uk,1
bhsg1@hotmail.com,1
reachout@airframedesigns.com,1
reception@back-in-action.com,1
reception@breckapartments.co.uk,1
reception@farmersguide.co.uk,1
reception@ribblevets.co.uk,1
enquiries@thurlestone.co.uk,1
reception@thurlestone.co.uk,1
recruit@morganryder.co.uk,1
@,0
@,0
reservations@modehotel.co.uk,1
results@t12.co.uk,1
roger@lakedistrictgyroplanes.co.uk,1
@ppublishingltd,0
@rethompsonco,0
s.ogden@plimsoll.uk,1
sales@acsolutions.co.uk,1
sales@activ-air.co.uk,1
salesuk@activ-air.co.uk,1
export@activ-air.co.uk,1
cached@1645417910,0
sales@ads-europe.co.uk,1
sales@africanhut.com,1
sales@airconditioningworld.co.uk,1
webmaster@example.com.,0
"{""@context"":""https://schema.org"",""@type"":""organization"",""url"":""https://airporthotel.fi/"",""name"":""finlandia",0
sales@airporthotel.fi,1
cached@1645437855,0
sales@alphaaggregates.co.uk,1
sales@ammouk.co.uk,1
sales@artsupplies.co.uk,1
sales@askewsltd.com,1
service@askewsltd.com,1
sales@atmospherica.aero,1
info@atmospherica.aero,1
sales@a-w-s.co.uk,1
orders@21stcenturywindows.co.uk,1
sales@awcg.co.uk,1
sales@bestplate.com,1
sales@blackpool-reservations.com,1
sales@booth-ac.com,1
customerservice@booth-dispensers.co.uk,1
@media,0
sales@candy-uk.com,1
sales@ccsupplies.co.uk,1
sales@cellarcooling.co.uk,1
sales@cheapasmokes.com,1
sales@clarkesaerials.tv,1
sales@cnsmedia.co.uk,1
sales@coastalpoint.co.uk,1
sales@commercialfilters.co.uk,1
sales@coxmotorparts.co.uk,1
cached@1645443583,0
sales@darleyaluminium.com.au,1
saleswa@darleyaluminium.com.au,1
salesvic@darleyaluminium.com.au,1
salesqld@darleyaluminium.com.au,1
cached@1645424937,0
sales@directwindows.co.uk,1
@dwsltd,0
sales@disc.ie,1
sales@dw-group.co.uk,1
sales@duckworthgroup.co.uk,1
hello@duckworthgroup.co.uk,1
sales@fire-support.co.uk,1
sales@fyldefreshandfabulous.com,1
sales@gledhill.net,1
sales@granthams.co.uk,1
sales@gunfire.com,1
@type:,0
sales@keman.co.uk,1
sales@lancashiremeadcompany.co.uk,1
sales@leeupvc.co.uk,1
sales@lsrrefrigeration.co.uk,1
@media,0
alan.ratcliffe@lsrrefrigeration.co.uk,1
sales@marcold.co.uk,1
@,0
sales@midlandaluminium.co.uk,1
sales@mineralsmarketing.com,1
sales@mjteale.co.uk,1
sales@nimbleelectric.com,1
cached@1645366814,0
sales@ppcjunkies.co.uk,1
sales@pravinsteel.com,1
pravinsteelindia@gmail.com,1
sales@protan.co.uk,1
sales@routeyou.com,1
info@routeyou.com,1
sales@sgservicesltd.co.uk,1
sales@southernfilters.co.uk,1
sales@stanley-travel.com,1
@stanley_travel,0
@thegoaheadgroup,0
@gonortheast,0
salesadmin@sthelenswindows.com,1
sales@stoveindustrysupplies.com,1
sales@teagle.co.uk,1
@cleanzine,0
sales@,0
sales@tom-parker.co.uk,1
sales@truckskinz.co,1
sales@truckadz.co.uk,1
sales@woodysgroup.com,1
sales@hubs.com,1
'static-web@',0
salesoffice@smithshire.com,1
info@smithshire.com,1
cached@1645442757,0
sarah@sashaydance.co.uk,1
schoolinfrastructure@det.nsw.edu.au,1
media.advisor@det.nsw.edu.au,1
@import,0
secretary@bltoa.com,1
@bltoa,0
stay@beachcliffe.com,1
stay@twelveblackpool.com,1
stone@jandjashcroft.co.uk,1
fasteners@jandjashcroft.co.uk,1
stonedesign@btinternet.com,1
support@books.mailshop.co.uk,1
support@cheapflightinfo.com,1
support@clickmechanic.com,1
support@desertcart.com,1
support@doubleglazingontheweb.co.uk,1
support@instavoice.com,1
feedback@instavoice.com,1
busdev@instavoice.com,1
pr@instavoice.com,1
cached@1636463161,0
support@porttms.com,1
demo@porttms.com,1
info@rcoa.ac.uk,1
support@seomoves.co.uk,1
hello@seomoves.co.uk,1
@,0
support@staffordsaccountants.co.uk,1
@,0
support@vanilla-bean.com,1
sustain@sustainweb.org,1
@-moz-document,0
team@bark.com,1
telephonewiringservices@gmail.com,1
thegurkhablackpool@gmail.com,1
thehub@blackburn.ac.uk,1
@urbanwhitetrash,0
thestaff@tvtropes.org,1
post@kloverbyen.dk,1
tine@bangerhverv.dk,1
cached@1645443106,0
tower@eghn.org.uk,1
manager@eghn.org.uk,1
tpsingh@kanwalenterprises.com,1
tramshedtheatre@hotmail.co.uk,1
uksales@mgc-lighting.com,1
unsubscribe@wardhadaway.com,1
@type:,0
@,0
vet@wyrebrooke.co.uk,1
@wyrebrookemobilevets,0
voices@thejournal.ie,1
@senlynnruane,0
@larrypdonnelly,0
info@presscouncil.ie,1
@cs,0
webadmin@cs.mcgill.ca,1
@fliegerweb,0
@lsoa_society,0
webmaster@melonfarmers.com,1
webmaster@roll-of-honour.com,1
@scotparl,0
@media,0
wildberrytravel@gmail.com,1
will@legalme.com.au,1
lawstaff@legalme.com.au.,0
lawstaff@legalme.com.au,1
williamsamusements@hotmail.com,1
(/*@cc_on!@*/false),0
@amy_colgan_86,0
@visitlancashire,0
@bpl_transport,0
@theflowerbowlec,0
@rnli,0
@visitlancashire,0
historycentre@blackpool.gov.uk,1